cve,post_count,earliest_post_iso_utc,earliest_post_epoch,subreddits,example_urls
CVE-2026-25253,6,2026-02-08T12:10:09+00:00,1770552609,FastAPI;netsec;openclaw,https://reddit.com/r/openclaw/comments/1s9k7zv/someone_just_sold_a_ceos_openclaw_agent_for_25000/;https://reddit.com/r/netsec/comments/1s1i06c/openclaw_cve202625253_is_worse_than_it_looks/;https://reddit.com/r/netsec/comments/1rz7g4q/attack_surface_analysis_of_5121_mcp_servers_555/;https://reddit.com/r/openclaw/comments/1rz23za/cisco_found_openclaw_skills_doing_silent_data/;https://reddit.com/r/FastAPI/comments/1rt21xm/why_fastapiguard/
CVE-2026-29000,4,2026-03-05T14:00:22+00:00,1772719222,github;netsec;sysadmin,https://reddit.com/r/netsec/comments/1rqmrer/cve202628292_rce_in_simplegit_via_casesensitivity/;https://reddit.com/r/github/comments/1rmeedn/we_found_a_cvss_100_in_an_open_source_library_the/;https://reddit.com/r/sysadmin/comments/1rlikxp/cvss_100_auth_bypass_in_pac4jjwt_anyone_here/;https://reddit.com/r/sysadmin/comments/1rlickf/if_youre_running_java_services_on_aws_that_use/
CVE-2026-3888,4,2026-03-19T00:38:41+00:00,1773880721,Ubuntu;debian;linux;netsec,https://reddit.com/r/Ubuntu/comments/1s7xq6g/should_this_be_a_cause_for_concern_for_ubuntu/;https://reddit.com/r/debian/comments/1rypev8/snapd_cve/;https://reddit.com/r/linux/comments/1ry1cu9/high_severity_systemd_bug_in_ubuntu_local_root/;https://reddit.com/r/netsec/comments/1rxlr0y/ubtuntu_2404_snapd_local_privilege_escalation/
CVE-2026-22729,3,2026-03-18T22:16:27+00:00,1773872187,java;netsec,https://reddit.com/r/java/comments/1s0si5o/spring_ai_vector_store_has_two_high_injection/;https://reddit.com/r/netsec/comments/1rxz7tl/cve202622729_jsonpath_injection_in_spring_ais/;https://reddit.com/r/java/comments/1rxi6gx/spring_ai_cves_cve202622729_and_cve202622730_are/
CVE-2026-22730,3,2026-03-18T22:16:27+00:00,1773872187,java;netsec,https://reddit.com/r/java/comments/1s0si5o/spring_ai_vector_store_has_two_high_injection/;https://reddit.com/r/netsec/comments/1rxv3nu/cve202622730_sql_injection_in_spring_ais_mariadb/;https://reddit.com/r/java/comments/1rxi6gx/spring_ai_cves_cve202622729_and_cve202622730_are/
CVE-2026-1731,2,2026-02-09T20:30:31+00:00,1770669031,sysadmin,https://reddit.com/r/sysadmin/comments/1r3wb9v/beyondtrust_gets_hit_again_preauth_rce_in_remote/;https://reddit.com/r/sysadmin/comments/1r0flm2/patch_available_for_99_cve_in_beyondtrust_remote/
CVE-2026-20841,2,2026-02-11T11:49:54+00:00,1770810594,software;sysadmin,https://reddit.com/r/software/comments/1r20649/microsofts_notepad_got_pwned/;https://reddit.com/r/sysadmin/comments/1r1vaon/windows_notepad_app_remote_code_execution/
CVE-2026-22039,2,2026-02-13T23:42:45+00:00,1771026165,kubernetes,https://reddit.com/r/kubernetes/comments/1r6eq9j/kubewarden_not_affected_by_crossns_privilege/;https://reddit.com/r/kubernetes/comments/1r44yxo/cve202622039_how_an_admission_controller/
CVE-2026-22557,2,2026-03-19T00:14:39+00:00,1773879279,homelab;sysadmin,https://reddit.com/r/sysadmin/comments/1ryipfs/first_unifi_with_a_100_cve_now_screenconnect_90/;https://reddit.com/r/homelab/comments/1rxl68p/psa_unifi_network_application_vulnerability/
CVE-2026-2441,2,2026-02-15T10:43:31+00:00,1771152211,MicrosoftEdge,https://reddit.com/r/MicrosoftEdge/comments/1r6our7/edge_v1450380058_no_release_notes/;https://reddit.com/r/MicrosoftEdge/comments/1r5bn1t/zeroday_exploit_cve2026441_is_your_crypto_wallet/
CVE-2026-27022,2,2026-03-19T19:37:58+00:00,1773949078,LangChain;netsec,https://reddit.com/r/LangChain/comments/1rycurg/psa_two_langgraph_checkpoint_vulnerabilities/;https://reddit.com/r/netsec/comments/1rya1ep/22_security_advisories_covering_aiml/
CVE-2026-27509,2,2026-02-26T19:19:02+00:00,1772133542,hardwarehacking;netsec,https://reddit.com/r/hardwarehacking/comments/1rfl9yr/from_dds_packets_to_robot_shells_two_rces_in/;https://reddit.com/r/netsec/comments/1rfjjfc/from_dds_packets_to_robot_shells_two_rces_in/
CVE-2026-27510,2,2026-02-26T19:19:02+00:00,1772133542,hardwarehacking;netsec,https://reddit.com/r/hardwarehacking/comments/1rfl9yr/from_dds_packets_to_robot_shells_two_rces_in/;https://reddit.com/r/netsec/comments/1rfjjfc/from_dds_packets_to_robot_shells_two_rces_in/
CVE-2026-28277,2,2026-03-19T19:37:58+00:00,1773949078,LangChain;netsec,https://reddit.com/r/LangChain/comments/1rycurg/psa_two_langgraph_checkpoint_vulnerabilities/;https://reddit.com/r/netsec/comments/1rya1ep/22_security_advisories_covering_aiml/
CVE-2026-28500,2,2026-03-21T20:55:23+00:00,1774126523,Python;netsec,https://reddit.com/r/netsec/comments/1s02jrq/onnx_hub_silenttrue_suppresses_all_trust/;https://reddit.com/r/Python/comments/1s02in4/psa_onnxhubloadsilenttrue_suppresses_all_security/
CVE-2026-3055,2,2026-03-28T20:40:20+00:00,1774730420,netsec,https://reddit.com/r/netsec/comments/1s75kb9/please_we_beg_just_one_weekend_free_of_appliances/;https://reddit.com/r/netsec/comments/1s6bdxi/the_sequels_are_never_as_good_but_were_still_in/
CVE-2026-32746,2,2026-03-19T00:15:39+00:00,1773879339,netsec,https://reddit.com/r/netsec/comments/1ryban8/a_32yearold_bug_walks_into_a_telnet_server_gnu/;https://reddit.com/r/netsec/comments/1rxl75t/cve202632746_gnu_telnetd_buffer_overflow_poc/
CVE-2026-33017,2,2026-03-22T16:55:47+00:00,1774198547,LangChain;netsec,https://reddit.com/r/LangChain/comments/1s72uzr/langflow_cve202633017_unauthenticated_rce_via/;https://reddit.com/r/netsec/comments/1s0qsxi/langflow_got_hacked_twice_through_the_same_exec/
CVE-2026-33579,2,2026-04-03T13:34:55+00:00,1775223295,netsec;sysadmin,https://reddit.com/r/sysadmin/comments/1sbdw29/if_youre_running_openclaw_you_probably_got_hacked/;https://reddit.com/r/netsec/comments/1sbds9i/if_youre_running_openclaw_you_probably_got_hacked/
CVE-2019-18634,1,2026-02-28T08:40:06+00:00,1772268006,linux,https://reddit.com/r/linux/comments/1rgxjcw/sudors_shows_password_asterisks_by_default_break/
CVE-2020-26262,1,2026-02-12T10:24:04+00:00,1770891844,WebRTC,https://reddit.com/r/WebRTC/comments/1r2pwqn/turn_security_threats_a_hackers_view/
CVE-2021-28372,1,2026-03-05T15:53:05+00:00,1772725985,homelab,https://reddit.com/r/homelab/comments/1rll5dw/checked_every_device_on_my_homelab_against_nvd/
CVE-2021-4034,1,2026-03-17T00:39:47+00:00,1773707987,homelab,https://reddit.com/r/homelab/comments/1rvrszo/hackable_ii_purple_team_writeup_from_anonymous/
CVE-2022-27624,1,2026-03-05T15:53:05+00:00,1772725985,homelab,https://reddit.com/r/homelab/comments/1rll5dw/checked_every_device_on_my_homelab_against_nvd/
CVE-2022-38694,1,2025-12-29T14:09:02+00:00,1767017342,Android,https://reddit.com/r/Android/comments/1pyn777/nearly_a_billion_active_android_devices_are/
CVE-2023-28303,1,2026-02-10T08:58:24+00:00,1770713904,sysadmin,https://reddit.com/r/sysadmin/comments/1r0vsoc/cve202328303/
CVE-2023-39910,1,2026-01-02T13:24:02+00:00,1767360242,Bitcoin,https://reddit.com/r/Bitcoin/comments/1q1yicy/ever_wondered_how_those_weak_key_exploits/
CVE-2023-49356,1,2026-02-10T17:10:44+00:00,1770743444,rust,https://reddit.com/r/rust/comments/1r16lyb/seeking_debian_packaging_help_for_mp3rgain/
CVE-2024-0057,1,2026-02-27T18:59:39+00:00,1772218779,c#,https://stackoverflow.com/questions/79898063/high-security-vulnerability-microsoft-powershell-native-v7-0-0
CVE-2024-28224,1,2026-03-26T20:39:39+00:00,1774557579,ollama,https://reddit.com/r/ollama/comments/1s4j73f/fresh_install_of_ollama_major_security_threat/
CVE-2024-37032,1,2026-03-26T20:39:39+00:00,1774557579,ollama,https://reddit.com/r/ollama/comments/1s4j73f/fresh_install_of_ollama_major_security_threat/
CVE-2024-45163,1,2026-03-15T06:35:33+00:00,1773556533,netsec,https://reddit.com/r/netsec/comments/1ru6xxl/cve202445163_remote_dos_in_mirai_c2_research/
CVE-2025-11757,1,2026-03-10T17:51:47+00:00,1773165107,SecurityCamera,https://reddit.com/r/SecurityCamera/comments/1rq3z6o/cloudedgemeari_cve_and_status_on_the_dark_web/
CVE-2025-14436,1,2026-01-29T02:57:09+00:00,1769655429,Wordpress,https://reddit.com/r/Wordpress/comments/1qpwn4w/brevo_for_woocommerce_plugin_stored_xss_led_to/
CVE-2025-15579,1,2026-02-17T00:34:23+00:00,1771288463,netsec,https://reddit.com/r/netsec/comments/1r6r7no/almost_impossible_java_deserialization_through/
CVE-2025-20080,1,2026-03-15T09:35:23+00:00,1773567323,Fedora,https://reddit.com/r/Fedora/comments/1ru9sx6/anyone_else_seeing_fwupdmgr_reporting_a_failed/
CVE-2025-26791,1,2026-04-02T09:50:55+00:00,1775123455,axelor,https://stackoverflow.com/questions/79918937/dompurify-3-2-2-vulnerability-in-axelor-frontend
CVE-2025-27708,1,2026-03-15T09:35:23+00:00,1773567323,Fedora,https://reddit.com/r/Fedora/comments/1ru9sx6/anyone_else_seeing_fwupdmgr_reporting_a_failed/
CVE-2025-29969,1,2026-02-20T11:59:22+00:00,1771588762,netsec,https://reddit.com/r/netsec/comments/1r9th6w/discovery_analysis_of_cve202529969/
CVE-2025-32008,1,2026-03-15T09:35:23+00:00,1773567323,Fedora,https://reddit.com/r/Fedora/comments/1ru9sx6/anyone_else_seeing_fwupdmgr_reporting_a_failed/
CVE-2025-32434,1,2026-03-19T03:26:35+00:00,1773890795,pytorch,https://reddit.com/r/pytorch/comments/1rxpjcz/psa_cve202532434_critical_rce_in_pytorch_251/
CVE-2025-38617,1,2026-03-06T22:42:41+00:00,1772836961,netsec,https://reddit.com/r/netsec/comments/1rmsmhg/a_race_within_a_race_exploiting_cve202538617_in/
CVE-2025-40237,1,2026-04-04T13:14:54+00:00,1775308494,linux,https://reddit.com/r/linux/comments/1sc8yx8/aws_engineer_reports_postgresql_performance/
CVE-2025-48050,1,2026-04-02T09:50:55+00:00,1775123455,axelor,https://stackoverflow.com/questions/79918937/dompurify-3-2-2-vulnerability-in-axelor-frontend
CVE-2025-48593,1,2025-12-29T14:09:02+00:00,1767017342,Android,https://reddit.com/r/Android/comments/1pyn777/nearly_a_billion_active_android_devices_are/
CVE-2025-5278,1,2026-02-02T14:35:23+00:00,1770042923,linux,https://reddit.com/r/linux/comments/1qtwoo1/rust_coreutils_continues_working_toward_100_gnu/
CVE-2025-53109,1,2026-03-19T12:55:35+00:00,1773924935,netsec,https://reddit.com/r/netsec/comments/1rxznrs/a_timeline_of_mcp_security_breaches_tool/
CVE-2025-55182,1,2026-01-23T08:20:52+00:00,1769156452,django,https://reddit.com/r/django/comments/1qklaj0/i_built_a_tool_for_scanning_web_apps/
CVE-2025-58367,1,2026-03-19T17:46:05+00:00,1773942365,netsec,https://reddit.com/r/netsec/comments/1ry79kw/we_found_a_memory_exhaustion_cve_in_a_library/
CVE-2025-59284,1,2026-03-17T19:34:51+00:00,1773776091,netsec,https://reddit.com/r/netsec/comments/1rwguw8/cve202559284_how_reading_a_gnu_manpage_led_to_a/
CVE-2025-59472,1,2026-03-15T13:56:34+00:00,1773582994,node,https://reddit.com/r/node/comments/1rueoqd/i_built_a_tool_that_visualizes_your/
CVE-2025-64756,1,2026-01-18T16:27:28+00:00,1768753648,node,https://reddit.com/r/node/comments/1qgcznb/managing_30_nodejs_projects_how_do_you_track_cve/
CVE-2025-6514,1,2026-02-05T21:29:51+00:00,1770326991,openclaw,https://reddit.com/r/openclaw/comments/1qwya1s/openclaw_has_been_compromised_341_times_with/
CVE-2025-66413,1,2026-03-17T20:07:12+00:00,1773778032,sysadmin,https://reddit.com/r/sysadmin/comments/1rwhsow/cve202566413_git_for_windows_ntlm_hash_theft/
CVE-2025-66478,1,2026-01-23T08:20:52+00:00,1769156452,django,https://reddit.com/r/django/comments/1qklaj0/i_built_a_tool_for_scanning_web_apps/
CVE-2025-70951,1,2026-04-03T08:20:58+00:00,1775204458,netsec,https://reddit.com/r/netsec/comments/1sb7pr4/new_rce_in_control_web_panel_cve202570951/
CVE-2026-0714,1,2026-02-19T15:38:01+00:00,1771515481,netsec,https://reddit.com/r/netsec/comments/1r92evr/cve20260714_tpmsniffing_luks_keys_on_an_embedded/
CVE-2026-0915,1,2026-01-18T19:06:30+00:00,1768763190,linux,https://reddit.com/r/linux/comments/1qgh9po/cve20260915_gnu_c_library_fixes_a_security_issue/
CVE-2026-12345,1,2026-03-25T19:33:27+00:00,1774467207,github,https://reddit.com/r/github/comments/1s3ksik/scam_alert_fake_vs_code_critical_vulnerability/
CVE-2026-20122,1,2026-03-06T06:11:34+00:00,1772777494,sysadmin,https://reddit.com/r/sysadmin/comments/1rm660l/cisco_catalyst_sd_wan_just_got_hit_with_active/
CVE-2026-20127,1,2026-03-06T06:11:34+00:00,1772777494,sysadmin,https://reddit.com/r/sysadmin/comments/1rm660l/cisco_catalyst_sd_wan_just_got_hit_with_active/
CVE-2026-20128,1,2026-03-06T06:11:34+00:00,1772777494,sysadmin,https://reddit.com/r/sysadmin/comments/1rm660l/cisco_catalyst_sd_wan_just_got_hit_with_active/
CVE-2026-20131,1,2026-03-23T14:49:01+00:00,1774277341,sysadmin,https://reddit.com/r/sysadmin/comments/1s1iycd/cve202620131_cisa_basically_said_patch_this_cisco/
CVE-2026-2033,1,2026-03-19T19:37:58+00:00,1773949078,netsec,https://reddit.com/r/netsec/comments/1rya1ep/22_security_advisories_covering_aiml/
CVE-2026-21902,1,2026-03-03T14:15:59+00:00,1772547359,netsec,https://reddit.com/r/netsec/comments/1rjqfwy/sometimes_you_can_just_feel_the_security_in_the/
CVE-2026-21992,1,2026-03-20T07:36:41+00:00,1773992201,sysadmin,https://reddit.com/r/sysadmin/comments/1rypwei/oracle_identity_manager_and_oracle_web_services/
CVE-2026-22558,1,2026-03-19T00:14:39+00:00,1773879279,homelab,https://reddit.com/r/homelab/comments/1rxl68p/psa_unifi_network_application_vulnerability/
CVE-2026-22732,1,2026-03-26T04:19:52+00:00,1774498792,java,https://reddit.com/r/java/comments/1s3xj98/security_headers_disappear_with_no_errors/
CVE-2026-2275,1,2026-04-02T10:51:47+00:00,1775127107,netsec,https://reddit.com/r/netsec/comments/1sae1z6/4_unpatched_cves_in_crewai_chain_prompt_injection/
CVE-2026-22778,1,2026-03-19T19:37:58+00:00,1773949078,netsec,https://reddit.com/r/netsec/comments/1rya1ep/22_security_advisories_covering_aiml/
CVE-2026-2285,1,2026-04-02T10:51:47+00:00,1775127107,netsec,https://reddit.com/r/netsec/comments/1sae1z6/4_unpatched_cves_in_crewai_chain_prompt_injection/
CVE-2026-2286,1,2026-04-02T10:51:47+00:00,1775127107,netsec,https://reddit.com/r/netsec/comments/1sae1z6/4_unpatched_cves_in_crewai_chain_prompt_injection/
CVE-2026-2287,1,2026-04-02T10:51:47+00:00,1775127107,netsec,https://reddit.com/r/netsec/comments/1sae1z6/4_unpatched_cves_in_crewai_chain_prompt_injection/
CVE-2026-23550,1,2026-03-21T16:23:50+00:00,1774110230,Wordpress,https://reddit.com/r/Wordpress/comments/1rzvpax/it_seems_like_automatic_wordpress_updates_are/
CVE-2026-23813,1,2026-03-12T08:43:47+00:00,1773305027,sysadmin,https://reddit.com/r/sysadmin/comments/1rrld2x/hpe_aruba_networking_aoscx_multiple/
CVE-2026-23814,1,2026-03-12T08:43:47+00:00,1773305027,sysadmin,https://reddit.com/r/sysadmin/comments/1rrld2x/hpe_aruba_networking_aoscx_multiple/
CVE-2026-23815,1,2026-03-12T08:43:47+00:00,1773305027,sysadmin,https://reddit.com/r/sysadmin/comments/1rrld2x/hpe_aruba_networking_aoscx_multiple/
CVE-2026-23816,1,2026-03-12T08:43:47+00:00,1773305027,sysadmin,https://reddit.com/r/sysadmin/comments/1rrld2x/hpe_aruba_networking_aoscx_multiple/
CVE-2026-23817,1,2026-03-12T08:43:47+00:00,1773305027,sysadmin,https://reddit.com/r/sysadmin/comments/1rrld2x/hpe_aruba_networking_aoscx_multiple/
CVE-2026-24747,1,2026-03-19T19:37:58+00:00,1773949078,netsec,https://reddit.com/r/netsec/comments/1rya1ep/22_security_advisories_covering_aiml/
CVE-2026-25554,1,2026-03-19T13:44:34+00:00,1773927874,netsec,https://reddit.com/r/netsec/comments/1ry0sfo/opensips_sql_injection_to_authentication_bypass/
CVE-2026-25784,1,2026-03-25T19:33:27+00:00,1774467207,github,https://reddit.com/r/github/comments/1s3ksik/scam_alert_fake_vs_code_critical_vulnerability/
CVE-2026-26117,1,2026-03-11T06:18:23+00:00,1773209903,netsec,https://reddit.com/r/netsec/comments/1rqm1lr/cve202626117_hijacking_azure_arc_on_windows_for/
CVE-2026-26118,1,2026-03-26T19:15:06+00:00,1774552506,LangChain,https://reddit.com/r/LangChain/comments/1s4gxx8/pilot_protocol_the_missing_network_layer/
CVE-2026-2635,1,2026-03-19T19:37:58+00:00,1773949078,netsec,https://reddit.com/r/netsec/comments/1rya1ep/22_security_advisories_covering_aiml/
CVE-2026-2699,1,2026-04-02T11:06:09+00:00,1775127969,netsec,https://reddit.com/r/netsec/comments/1saebwi/youre_not_supposed_to_sharefile_with_everyone/
CVE-2026-2701,1,2026-04-02T11:06:09+00:00,1775127969,netsec,https://reddit.com/r/netsec/comments/1saebwi/youre_not_supposed_to_sharefile_with_everyone/
CVE-2026-27624,1,2026-02-26T04:06:02+00:00,1772078762,WebRTC,https://reddit.com/r/WebRTC/comments/1rf02fw/turn_server_security_best_practices_coturn/
CVE-2026-27952,1,2026-03-19T19:37:58+00:00,1773949078,netsec,https://reddit.com/r/netsec/comments/1rya1ep/22_security_advisories_covering_aiml/
CVE-2026-27961,1,2026-03-19T19:37:58+00:00,1773949078,netsec,https://reddit.com/r/netsec/comments/1rya1ep/22_security_advisories_covering_aiml/
CVE-2026-27966,1,2026-03-19T21:22:49+00:00,1773955369,LangChain,https://reddit.com/r/LangChain/comments/1rycurg/psa_two_langgraph_checkpoint_vulnerabilities/
CVE-2026-28292,1,2026-03-11T07:02:46+00:00,1773212566,netsec,https://reddit.com/r/netsec/comments/1rqmrer/cve202628292_rce_in_simplegit_via_casesensitivity/
CVE-2026-28373,1,2026-03-25T09:37:47+00:00,1774431467,netsec,https://reddit.com/r/netsec/comments/1s36394/stackfield_desktop_app_rce_via_path_traversal_and/
CVE-2026-28460,1,2026-04-01T08:41:08+00:00,1775032868,openclaw,https://reddit.com/r/openclaw/comments/1s9etbu/why_allow_always_on_openclaw_was_a_terrible_idea/
CVE-2026-2850,1,2026-03-21T20:55:23+00:00,1774126523,Python,https://reddit.com/r/Python/comments/1s02in4/psa_onnxhubloadsilenttrue_suppresses_all_security/
CVE-2026-28514,1,2026-03-09T16:17:49+00:00,1773073069,netsec,https://reddit.com/r/netsec/comments/1rp4lyj/sign_in_with_any_password_into_rocketchat_ee/
CVE-2026-29607,1,2026-04-01T08:41:08+00:00,1775032868,openclaw,https://reddit.com/r/openclaw/comments/1s9etbu/why_allow_always_on_openclaw_was_a_terrible_idea/
CVE-2026-30820,1,2026-03-19T19:37:58+00:00,1773949078,netsec,https://reddit.com/r/netsec/comments/1rya1ep/22_security_advisories_covering_aiml/
CVE-2026-31829,1,2026-03-19T19:37:58+00:00,1773949078,netsec,https://reddit.com/r/netsec/comments/1rya1ep/22_security_advisories_covering_aiml/
CVE-2026-31861,1,2026-03-19T19:37:58+00:00,1773949078,netsec,https://reddit.com/r/netsec/comments/1rya1ep/22_security_advisories_covering_aiml/
CVE-2026-31862,1,2026-03-19T19:37:58+00:00,1773949078,netsec,https://reddit.com/r/netsec/comments/1rya1ep/22_security_advisories_covering_aiml/
CVE-2026-31975,1,2026-03-19T19:37:58+00:00,1773949078,netsec,https://reddit.com/r/netsec/comments/1rya1ep/22_security_advisories_covering_aiml/
CVE-2026-32247,1,2026-03-19T21:22:49+00:00,1773955369,LangChain,https://reddit.com/r/LangChain/comments/1rycurg/psa_two_langgraph_checkpoint_vulnerabilities/
CVE-2026-33056,1,2026-03-23T13:12:40+00:00,1774271560,linux,https://reddit.com/r/linux/comments/1s1ghpw/canonical_joins_the_rust_foundation_as_a_gold/
CVE-2026-33058,1,2026-03-19T09:18:05+00:00,1773911885,netsec,https://reddit.com/r/netsec/comments/1rxvkva/kanboard_authenticated_sql_injection_cve202633058/
CVE-2026-33068,1,2026-03-20T17:40:56+00:00,1774028456,netsec,https://reddit.com/r/netsec/comments/1rz2xuw/claude_code_workspace_trust_dialog_bypass_via/
CVE-2026-33634,1,2026-03-25T22:43:44+00:00,1774478624,kubernetes,https://reddit.com/r/kubernetes/comments/1s3pxcu/breakdown_of_the_trivy_supply_chain_compromise/
CVE-2026-33656,1,2026-03-25T12:51:52+00:00,1774443112,netsec,https://reddit.com/r/netsec/comments/1s39ujn/cve202633656_espocrm_933_formula_engine_acl_gap/
CVE-2026-3564,1,2026-03-20T01:21:28+00:00,1773969688,sysadmin,https://reddit.com/r/sysadmin/comments/1ryipfs/first_unifi_with_a_100_cve_now_screenconnect_90/
CVE-2026-3906,1,2026-03-21T16:23:50+00:00,1774110230,Wordpress,https://reddit.com/r/Wordpress/comments/1rzvpax/it_seems_like_automatic_wordpress_updates_are/
CVE-2026-4747,1,2026-03-31T19:57:17+00:00,1774987037,netsec,https://reddit.com/r/netsec/comments/1s8y8pp/mad_bugs_claude_wrote_a_full_freebsd_remote/
CVE-2026-5244,1,2026-04-02T13:35:22+00:00,1775136922,netsec,https://reddit.com/r/netsec/comments/1sahl4e/mongoose_preauth_rce_and_mtls_bypass_on_millions/
CVE-2026-5245,1,2026-04-02T13:35:22+00:00,1775136922,netsec,https://reddit.com/r/netsec/comments/1sahl4e/mongoose_preauth_rce_and_mtls_bypass_on_millions/
CVE-2026-5246,1,2026-04-02T13:35:22+00:00,1775136922,netsec,https://reddit.com/r/netsec/comments/1sahl4e/mongoose_preauth_rce_and_mtls_bypass_on_millions/
