cve,post_count,earliest_post_iso_utc,earliest_post_epoch,nvd_found,nvd_published,nvd_last_modified,cvss_score,cvss_severity,cvss_vector,vuln_status,vendors,lead_days,lead_hours,subreddits,example_urls
CVE-2026-28373,1,2026-03-25T09:37:47+00:00,1774431467,true,2026-04-03T17:16:42.140,2026-04-07T13:20:55.200,9.6,CRITICAL,CVSS:3.1/AV:N/AC:L/PR:N/UI:R/S:C/C:H/I:H/A:H,Awaiting Analysis,,9.319,223.649,netsec,https://reddit.com/r/netsec/comments/1s36394/stackfield_desktop_app_rce_via_path_traversal_and/
CVE-2025-15579,1,2026-02-17T00:34:23+00:00,1771288463,true,2026-02-18T16:22:28.290,2026-02-27T22:16:22.617,,,,Awaiting Analysis,,1.658,39.801,netsec,https://reddit.com/r/netsec/comments/1r6r7no/almost_impossible_java_deserialization_through/
CVE-2026-22557,2,2026-03-19T00:14:39+00:00,1773879279,true,2026-03-19T15:16:23.533,2026-03-20T13:39:46.493,10.0,CRITICAL,CVSS:3.1/AV:N/AC:L/PR:N/UI:N/S:C/C:H/I:H/A:H,Awaiting Analysis,,0.626,15.029,homelab;sysadmin,https://reddit.com/r/sysadmin/comments/1ryipfs/first_unifi_with_a_100_cve_now_screenconnect_90/;https://reddit.com/r/homelab/comments/1rxl68p/psa_unifi_network_application_vulnerability/
CVE-2026-22558,1,2026-03-19T00:14:39+00:00,1773879279,true,2026-03-19T15:16:23.697,2026-03-20T13:39:46.493,7.7,HIGH,CVSS:3.1/AV:N/AC:L/PR:L/UI:N/S:C/C:H/I:N/A:N,Awaiting Analysis,,0.626,15.029,homelab,https://reddit.com/r/homelab/comments/1rxl68p/psa_unifi_network_application_vulnerability/
CVE-2026-2699,1,2026-04-02T11:06:09+00:00,1775127969,true,2026-04-02T14:16:27.697,2026-04-03T16:10:52.680,9.8,CRITICAL,CVSS:3.1/AV:N/AC:L/PR:N/UI:N/S:U/C:H/I:H/A:H,Undergoing Analysis,,0.132,3.172,netsec,https://reddit.com/r/netsec/comments/1saebwi/youre_not_supposed_to_sharefile_with_everyone/
CVE-2026-2701,1,2026-04-02T11:06:09+00:00,1775127969,true,2026-04-02T14:16:27.917,2026-04-03T16:10:52.680,9.1,CRITICAL,CVSS:3.1/AV:N/AC:L/PR:H/UI:N/S:C/C:H/I:H/A:H,Undergoing Analysis,,0.132,3.172,netsec,https://reddit.com/r/netsec/comments/1saebwi/youre_not_supposed_to_sharefile_with_everyone/
CVE-2026-27509,2,2026-02-26T19:19:02+00:00,1772133542,true,2026-02-26T20:31:38.447,2026-03-12T20:17:02.667,8.0,HIGH,CVSS:3.1/AV:A/AC:L/PR:N/UI:R/S:U/C:H/I:H/A:H,Analyzed,unitree,0.05,1.21,hardwarehacking;netsec,https://reddit.com/r/hardwarehacking/comments/1rfl9yr/from_dds_packets_to_robot_shells_two_rces_in/;https://reddit.com/r/netsec/comments/1rfjjfc/from_dds_packets_to_robot_shells_two_rces_in/
CVE-2026-27510,2,2026-02-26T19:19:02+00:00,1772133542,true,2026-02-26T20:31:38.663,2026-03-12T20:03:22.217,9.6,CRITICAL,CVSS:3.1/AV:N/AC:L/PR:N/UI:R/S:C/C:H/I:H/A:H,Analyzed,unitree,0.05,1.21,hardwarehacking;netsec,https://reddit.com/r/hardwarehacking/comments/1rfl9yr/from_dds_packets_to_robot_shells_two_rces_in/;https://reddit.com/r/netsec/comments/1rfjjfc/from_dds_packets_to_robot_shells_two_rces_in/
CVE-2026-35204,1,2026-04-09T18:31:03+00:00,1775759463,true,2026-04-09T16:16:27.550,2026-04-13T15:02:47.353,,,,Undergoing Analysis,,-0.093,-2.243,kubernetes,https://reddit.com/r/kubernetes/comments/1sgy1gc/psa_helm_path_traversal_via_malicious_plugin/
CVE-2026-5245,1,2026-04-02T13:35:22+00:00,1775136922,true,2026-04-02T10:16:17.443,2026-04-03T16:10:52.680,5.6,MEDIUM,CVSS:3.1/AV:N/AC:H/PR:N/UI:N/S:U/C:L/I:L/A:L,Awaiting Analysis,,-0.138,-3.318,netsec,https://reddit.com/r/netsec/comments/1sahl4e/mongoose_preauth_rce_and_mtls_bypass_on_millions/
CVE-2026-5246,1,2026-04-02T13:35:22+00:00,1775136922,true,2026-04-02T10:16:17.763,2026-04-03T16:10:52.680,5.6,MEDIUM,CVSS:3.1/AV:N/AC:H/PR:N/UI:N/S:U/C:L/I:L/A:L,Awaiting Analysis,,-0.138,-3.318,netsec,https://reddit.com/r/netsec/comments/1sahl4e/mongoose_preauth_rce_and_mtls_bypass_on_millions/
CVE-2026-21992,1,2026-03-20T07:36:41+00:00,1773992201,true,2026-03-20T03:15:58.680,2026-03-23T15:30:30.950,9.8,CRITICAL,CVSS:3.1/AV:N/AC:L/PR:N/UI:N/S:U/C:H/I:H/A:H,Analyzed,oracle,-0.181,-4.345,sysadmin,https://reddit.com/r/sysadmin/comments/1rypwei/oracle_identity_manager_and_oracle_web_services/
CVE-2026-5244,1,2026-04-02T13:35:22+00:00,1775136922,true,2026-04-02T08:16:28.683,2026-04-03T16:10:52.680,7.3,HIGH,CVSS:3.1/AV:N/AC:L/PR:N/UI:N/S:U/C:L/I:L/A:L,Awaiting Analysis,,-0.221,-5.315,netsec,https://reddit.com/r/netsec/comments/1sahl4e/mongoose_preauth_rce_and_mtls_bypass_on_millions/
CVE-2026-33068,1,2026-03-20T17:40:56+00:00,1774028456,true,2026-03-20T09:16:15.017,2026-03-24T15:46:36.440,8.8,HIGH,CVSS:3.1/AV:N/AC:L/PR:N/UI:R/S:U/C:H/I:H/A:H,Analyzed,anthropic,-0.35,-8.411,netsec,https://reddit.com/r/netsec/comments/1rz2xuw/claude_code_workspace_trust_dialog_bypass_via/
CVE-2026-34197,1,2026-04-07T20:31:22+00:00,1775593882,true,2026-04-07T09:16:20.967,2026-04-08T16:16:25.267,8.8,HIGH,CVSS:3.1/AV:N/AC:L/PR:L/UI:N/S:U/C:H/I:H/A:H,Undergoing Analysis,,-0.469,-11.25,netsec,https://reddit.com/r/netsec/comments/1sf7sno/cve202634197_activemq_rce_via_jolokia_api/
CVE-2026-28292,1,2026-03-11T07:02:46+00:00,1773212566,true,2026-03-10T19:17:20.840,2026-04-13T18:16:28.930,9.8,CRITICAL,CVSS:3.1/AV:N/AC:L/PR:N/UI:N/S:U/C:H/I:H/A:H,Modified,simple-git_project,-0.49,-11.757,netsec,https://reddit.com/r/netsec/comments/1rqmrer/cve202628292_rce_in_simplegit_via_casesensitivity/
CVE-2026-26117,1,2026-03-11T06:18:23+00:00,1773209903,true,2026-03-10T18:18:41.017,2026-03-13T20:14:21.453,7.8,HIGH,CVSS:3.1/AV:L/AC:L/PR:L/UI:N/S:U/C:H/I:H/A:H,Analyzed,microsoft,-0.5,-11.995,netsec,https://reddit.com/r/netsec/comments/1rqm1lr/cve202626117_hijacking_azure_arc_on_windows_for/
CVE-2026-22729,3,2026-03-18T22:16:27+00:00,1773872187,true,2026-03-18T08:16:31.000,2026-04-01T16:53:35.810,8.6,HIGH,CVSS:3.1/AV:N/AC:L/PR:N/UI:N/S:C/C:H/I:N/A:N,Analyzed,vmware,-0.583,-13.999,java;netsec,https://reddit.com/r/java/comments/1s0si5o/spring_ai_vector_store_has_two_high_injection/;https://reddit.com/r/netsec/comments/1rxz7tl/cve202622729_jsonpath_injection_in_spring_ais/;https://reddit.com/r/java/comments/1rxi6gx/spring_ai_cves_cve202622729_and_cve202622730_are/
CVE-2026-22730,3,2026-03-18T22:16:27+00:00,1773872187,true,2026-03-18T08:16:31.170,2026-04-01T16:52:48.390,8.8,HIGH,CVSS:3.1/AV:N/AC:L/PR:L/UI:N/S:U/C:H/I:H/A:H,Analyzed,vmware,-0.583,-13.999,java;netsec,https://reddit.com/r/java/comments/1s0si5o/spring_ai_vector_store_has_two_high_injection/;https://reddit.com/r/netsec/comments/1rxv3nu/cve202622730_sql_injection_in_spring_ais_mariadb/;https://reddit.com/r/java/comments/1rxi6gx/spring_ai_cves_cve202622729_and_cve202622730_are/
CVE-2026-29000,4,2026-03-05T14:00:22+00:00,1772719222,true,2026-03-04T22:16:18.783,2026-03-10T20:16:37.840,9.1,CRITICAL,CVSS:3.1/AV:N/AC:L/PR:N/UI:N/S:U/C:H/I:H/A:N,Awaiting Analysis,,-0.656,-15.734,github;netsec;sysadmin,https://reddit.com/r/netsec/comments/1rqmrer/cve202628292_rce_in_simplegit_via_casesensitivity/;https://reddit.com/r/github/comments/1rmeedn/we_found_a_cvss_100_in_an_open_source_library_the/;https://reddit.com/r/sysadmin/comments/1rlikxp/cvss_100_auth_bypass_in_pac4jjwt_anyone_here/;https://reddit.com/r/sysadmin/comments/1rlickf/if_youre_running_java_services_on_aws_that_use/
CVE-2026-39961,1,2026-04-10T12:10:15+00:00,1775823015,true,2026-04-09T18:17:02.053,2026-04-13T15:02:27.760,6.8,MEDIUM,CVSS:3.1/AV:N/AC:L/PR:H/UI:N/S:C/C:H/I:N/A:N,Awaiting Analysis,,-0.745,-17.887,kubernetes,https://reddit.com/r/kubernetes/comments/1shkpf0/psa_if_your_k8s_operators_have_clusterrole_secret/
CVE-2026-27624,1,2026-02-26T04:06:02+00:00,1772078762,true,2026-02-25T05:17:25.380,2026-02-27T18:04:29.457,7.2,HIGH,CVSS:3.1/AV:N/AC:L/PR:N/UI:N/S:C/C:L/I:L/A:N,Analyzed,coturn_project,-0.95,-22.81,WebRTC,https://reddit.com/r/WebRTC/comments/1rf02fw/turn_server_security_best_practices_coturn/
CVE-2026-23813,1,2026-03-12T08:43:47+00:00,1773305027,true,2026-03-11T04:17:34.677,2026-03-11T14:16:19.637,9.8,CRITICAL,CVSS:3.1/AV:N/AC:L/PR:N/UI:N/S:U/C:H/I:H/A:H,Awaiting Analysis,,-1.185,-28.437,sysadmin,https://reddit.com/r/sysadmin/comments/1rrld2x/hpe_aruba_networking_aoscx_multiple/
CVE-2026-23814,1,2026-03-12T08:43:47+00:00,1773305027,true,2026-03-11T04:17:34.883,2026-03-11T14:16:19.773,8.8,HIGH,CVSS:3.1/AV:N/AC:L/PR:L/UI:N/S:U/C:H/I:H/A:H,Awaiting Analysis,,-1.185,-28.437,sysadmin,https://reddit.com/r/sysadmin/comments/1rrld2x/hpe_aruba_networking_aoscx_multiple/
CVE-2026-23815,1,2026-03-12T08:43:47+00:00,1773305027,true,2026-03-11T04:17:35.080,2026-03-11T16:16:26.490,7.2,HIGH,CVSS:3.1/AV:N/AC:L/PR:H/UI:N/S:U/C:H/I:H/A:H,Awaiting Analysis,,-1.185,-28.437,sysadmin,https://reddit.com/r/sysadmin/comments/1rrld2x/hpe_aruba_networking_aoscx_multiple/
CVE-2026-23816,1,2026-03-12T08:43:47+00:00,1773305027,true,2026-03-11T04:17:35.533,2026-03-11T16:16:26.630,7.2,HIGH,CVSS:3.1/AV:N/AC:L/PR:H/UI:N/S:U/C:H/I:H/A:H,Awaiting Analysis,,-1.185,-28.437,sysadmin,https://reddit.com/r/sysadmin/comments/1rrld2x/hpe_aruba_networking_aoscx_multiple/
CVE-2026-23817,1,2026-03-12T08:43:47+00:00,1773305027,true,2026-03-11T04:17:35.810,2026-03-11T16:16:26.767,6.5,MEDIUM,CVSS:3.1/AV:N/AC:L/PR:N/UI:R/S:U/C:N/I:H/A:N,Awaiting Analysis,,-1.185,-28.436,sysadmin,https://reddit.com/r/sysadmin/comments/1rrld2x/hpe_aruba_networking_aoscx_multiple/
CVE-2026-33058,1,2026-03-19T09:18:05+00:00,1773911885,true,2026-03-18T04:17:27.727,2026-03-18T17:52:14.303,6.5,MEDIUM,CVSS:3.1/AV:N/AC:L/PR:L/UI:N/S:U/C:H/I:N/A:N,Analyzed,kanboard,-1.209,-29.01,netsec,https://reddit.com/r/netsec/comments/1rxvkva/kanboard_authenticated_sql_injection_cve202633058/
CVE-2026-3888,4,2026-03-19T00:38:41+00:00,1773880721,true,2026-03-17T14:16:17.410,2026-03-18T04:17:30.720,7.8,HIGH,CVSS:3.1/AV:L/AC:H/PR:L/UI:N/S:C/C:H/I:H/A:H,Awaiting Analysis,,-1.432,-34.373,Ubuntu;debian;linux;netsec,https://reddit.com/r/Ubuntu/comments/1s7xq6g/should_this_be_a_cause_for_concern_for_ubuntu/;https://reddit.com/r/debian/comments/1rypev8/snapd_cve/;https://reddit.com/r/linux/comments/1ry1cu9/high_severity_systemd_bug_in_ubuntu_local_root/;https://reddit.com/r/netsec/comments/1rxlr0y/ubtuntu_2404_snapd_local_privilege_escalation/
CVE-2026-33634,1,2026-03-25T22:43:44+00:00,1774478624,true,2026-03-23T22:16:31.290,2026-03-30T18:50:38.270,8.8,HIGH,CVSS:3.1/AV:N/AC:L/PR:L/UI:N/S:U/C:H/I:H/A:H,Analyzed,aquasec;litellm;telnyx,-2.019,-48.454,kubernetes,https://reddit.com/r/kubernetes/comments/1s3pxcu/breakdown_of_the_trivy_supply_chain_compromise/
CVE-2026-3564,1,2026-03-20T01:21:28+00:00,1773969688,true,2026-03-17T15:16:19.253,2026-03-18T14:52:44.227,9.0,CRITICAL,CVSS:3.1/AV:N/AC:H/PR:N/UI:N/S:C/C:H/I:H/A:H,Awaiting Analysis,,-2.42,-58.086,sysadmin,https://reddit.com/r/sysadmin/comments/1ryipfs/first_unifi_with_a_100_cve_now_screenconnect_90/
CVE-2026-33017,2,2026-03-22T16:55:47+00:00,1774198547,true,2026-03-20T05:16:15.550,2026-03-26T13:26:16.393,9.8,CRITICAL,CVSS:3.1/AV:N/AC:L/PR:N/UI:N/S:U/C:H/I:H/A:H,Analyzed,langflow,-2.486,-59.659,LangChain;netsec,https://reddit.com/r/LangChain/comments/1s72uzr/langflow_cve202633017_unauthenticated_rce_via/;https://reddit.com/r/netsec/comments/1s0qsxi/langflow_got_hacked_twice_through_the_same_exec/
CVE-2026-35616,1,2026-04-06T19:05:15+00:00,1775502315,true,2026-04-04T01:16:39.720,2026-04-06T18:12:57.863,9.8,CRITICAL,CVSS:3.1/AV:N/AC:L/PR:N/UI:N/S:U/C:H/I:H/A:H,Analyzed,fortinet,-2.742,-65.81,sysadmin,https://reddit.com/r/sysadmin/comments/1se86ws/cve202635616_fortinet_auth_bypass_patch_your/
CVE-2026-2275,1,2026-04-02T10:51:47+00:00,1775127107,true,2026-03-30T16:16:04.557,2026-04-01T14:24:21.833,9.6,CRITICAL,CVSS:3.1/AV:N/AC:L/PR:N/UI:R/S:C/C:H/I:H/A:H,Awaiting Analysis,,-2.775,-66.595,netsec,https://reddit.com/r/netsec/comments/1sae1z6/4_unpatched_cves_in_crewai_chain_prompt_injection/
CVE-2026-2285,1,2026-04-02T10:51:47+00:00,1775127107,true,2026-03-30T16:16:04.670,2026-04-06T15:46:14.690,7.5,HIGH,CVSS:3.1/AV:N/AC:L/PR:N/UI:N/S:U/C:H/I:N/A:N,Analyzed,crewai,-2.775,-66.595,netsec,https://reddit.com/r/netsec/comments/1sae1z6/4_unpatched_cves_in_crewai_chain_prompt_injection/
CVE-2026-2286,1,2026-04-02T10:51:47+00:00,1775127107,true,2026-03-30T16:16:04.777,2026-04-06T15:46:44.450,9.8,CRITICAL,CVSS:3.1/AV:N/AC:L/PR:N/UI:N/S:U/C:H/I:H/A:H,Analyzed,crewai,-2.775,-66.595,netsec,https://reddit.com/r/netsec/comments/1sae1z6/4_unpatched_cves_in_crewai_chain_prompt_injection/
CVE-2026-2287,1,2026-04-02T10:51:47+00:00,1775127107,true,2026-03-30T16:16:04.877,2026-04-06T15:45:17.847,9.8,CRITICAL,CVSS:3.1/AV:N/AC:L/PR:N/UI:N/S:U/C:H/I:H/A:H,Analyzed,crewai,-2.775,-66.595,netsec,https://reddit.com/r/netsec/comments/1sae1z6/4_unpatched_cves_in_crewai_chain_prompt_injection/
CVE-2026-28514,1,2026-03-09T16:17:49+00:00,1773073069,true,2026-03-06T18:16:19.103,2026-03-18T16:10:07.460,9.8,CRITICAL,CVSS:3.1/AV:N/AC:L/PR:N/UI:N/S:U/C:H/I:H/A:H,Analyzed,rocket.chat,-2.918,-70.025,netsec,https://reddit.com/r/netsec/comments/1rp4lyj/sign_in_with_any_password_into_rocketchat_ee/
CVE-2026-33579,2,2026-04-03T13:34:55+00:00,1775223295,true,2026-03-31T15:16:14.960,2026-04-06T23:16:26.987,9.9,CRITICAL,CVSS:3.1/AV:N/AC:L/PR:L/UI:N/S:C/C:H/I:H/A:H,Modified,openclaw,-2.93,-70.311,netsec;sysadmin,https://reddit.com/r/sysadmin/comments/1sbdw29/if_youre_running_openclaw_you_probably_got_hacked/;https://reddit.com/r/netsec/comments/1sbds9i/if_youre_running_openclaw_you_probably_got_hacked/
CVE-2026-2441,1,2026-02-16T22:56:57+00:00,1771282617,true,2026-02-13T19:17:31.310,2026-02-23T13:24:55.920,8.8,HIGH,CVSS:3.1/AV:N/AC:L/PR:N/UI:R/S:U/C:H/I:H/A:H,Analyzed,apple;google;linux;microsoft,-3.152,-75.657,MicrosoftEdge,https://reddit.com/r/MicrosoftEdge/comments/1r6our7/edge_v1450380058_no_release_notes/
CVE-2026-33056,1,2026-03-23T13:12:40+00:00,1774271560,true,2026-03-20T08:16:11.603,2026-03-24T16:17:11.623,6.5,MEDIUM,CVSS:3.1/AV:N/AC:L/PR:N/UI:R/S:U/C:N/I:H/A:N,Analyzed,tar_project,-3.206,-76.941,linux,https://reddit.com/r/linux/comments/1s1ghpw/canonical_joins_the_rust_foundation_as_a_gold/
CVE-2026-34980,1,2026-04-08T07:01:17+00:00,1775631677,true,2026-04-03T22:16:27.243,2026-04-07T13:20:55.200,,,,Undergoing Analysis,,-4.364,-104.747,netsec,https://reddit.com/r/netsec/comments/1sflk3t/spooler_alert_remote_unauthd_rcetoroot_chain_in/
CVE-2026-34990,1,2026-04-08T07:01:17+00:00,1775631677,true,2026-04-03T22:16:27.400,2026-04-07T13:20:55.200,7.8,HIGH,CVSS:3.1/AV:L/AC:L/PR:L/UI:N/S:U/C:H/I:H/A:H,Undergoing Analysis,,-4.364,-104.747,netsec,https://reddit.com/r/netsec/comments/1sflk3t/spooler_alert_remote_unauthd_rcetoroot_chain_in/
CVE-2026-32746,2,2026-03-19T00:15:39+00:00,1773879339,true,2026-03-13T19:55:10.147,2026-03-23T14:16:33.017,9.8,CRITICAL,CVSS:3.1/AV:N/AC:L/PR:N/UI:N/S:U/C:H/I:H/A:H,Awaiting Analysis,,-5.181,-124.341,netsec,https://reddit.com/r/netsec/comments/1ryban8/a_32yearold_bug_walks_into_a_telnet_server_gnu/;https://reddit.com/r/netsec/comments/1rxl75t/cve202632746_gnu_telnetd_buffer_overflow_poc/
CVE-2026-4747,2,2026-03-31T19:57:17+00:00,1774987037,true,2026-03-26T07:16:20.670,2026-04-01T15:23:23.797,8.8,HIGH,CVSS:3.1/AV:N/AC:L/PR:L/UI:N/S:U/C:H/I:H/A:H,Awaiting Analysis,,-5.528,-132.682,freebsd;netsec,https://reddit.com/r/freebsd/comments/1sgmi14/claude_mythos_preview_fully_autonomously_finds/;https://reddit.com/r/netsec/comments/1s8y8pp/mad_bugs_claude_wrote_a_full_freebsd_remote/
CVE-2026-21902,1,2026-03-03T14:15:59+00:00,1772547359,true,2026-02-25T18:23:40.360,2026-03-30T15:16:05.537,9.8,CRITICAL,CVSS:3.1/AV:N/AC:L/PR:N/UI:N/S:U/C:H/I:H/A:H,Analyzed,juniper,-5.828,-139.872,netsec,https://reddit.com/r/netsec/comments/1rjqfwy/sometimes_you_can_just_feel_the_security_in_the/
CVE-2026-22666,1,2026-04-13T13:34:19+00:00,1776087259,true,2026-04-07T13:16:45.200,2026-04-07T13:20:11.643,7.2,HIGH,CVSS:3.1/AV:N/AC:L/PR:H/UI:N/S:U/C:H/I:H/A:H,Undergoing Analysis,,-6.012,-144.293,netsec,https://reddit.com/r/netsec/comments/1skazzv/cve202622666_dolibarr_2300_dol_eval_whitelist/
CVE-2026-22732,1,2026-03-26T04:19:52+00:00,1774498792,true,2026-03-19T23:16:41.253,2026-04-02T08:16:28.230,9.1,CRITICAL,CVSS:3.1/AV:N/AC:L/PR:N/UI:N/S:U/C:H/I:H/A:N,Undergoing Analysis,,-6.211,-149.053,java,https://reddit.com/r/java/comments/1s3xj98/security_headers_disappear_with_no_errors/
CVE-2025-66413,1,2026-03-17T20:07:12+00:00,1773778032,true,2026-03-10T21:16:40.680,2026-03-11T13:52:47.683,7.4,HIGH,CVSS:3.1/AV:N/AC:L/PR:N/UI:R/S:C/C:H/I:N/A:N,Awaiting Analysis,,-6.952,-166.842,sysadmin,https://reddit.com/r/sysadmin/comments/1rwhsow/cve202566413_git_for_windows_ntlm_hash_theft/
CVE-2026-32247,1,2026-03-19T21:22:49+00:00,1773955369,true,2026-03-12T19:16:19.733,2026-03-18T14:38:09.717,8.1,HIGH,CVSS:3.1/AV:N/AC:L/PR:L/UI:N/S:U/C:H/I:H/A:N,Analyzed,getzep,-7.088,-170.108,LangChain,https://reddit.com/r/LangChain/comments/1rycurg/psa_two_langgraph_checkpoint_vulnerabilities/
CVE-2026-31861,1,2026-03-19T19:37:58+00:00,1773949078,true,2026-03-11T18:16:24.887,2026-03-17T19:06:41.493,8.8,HIGH,CVSS:3.1/AV:N/AC:L/PR:L/UI:N/S:U/C:H/I:H/A:H,Analyzed,cloudcli,-8.057,-193.359,netsec,https://reddit.com/r/netsec/comments/1rya1ep/22_security_advisories_covering_aiml/
CVE-2026-31862,1,2026-03-19T19:37:58+00:00,1773949078,true,2026-03-11T18:16:25.073,2026-03-17T19:04:29.000,9.1,CRITICAL,CVSS:3.1/AV:N/AC:L/PR:H/UI:N/S:C/C:H/I:H/A:H,Analyzed,cloudcli,-8.057,-193.359,netsec,https://reddit.com/r/netsec/comments/1rya1ep/22_security_advisories_covering_aiml/
CVE-2026-31975,1,2026-03-19T19:37:58+00:00,1773949078,true,2026-03-11T18:16:27.177,2026-03-20T16:17:49.403,9.8,CRITICAL,CVSS:3.1/AV:N/AC:L/PR:N/UI:N/S:U/C:H/I:H/A:H,Analyzed,cloudcli,-8.057,-193.359,netsec,https://reddit.com/r/netsec/comments/1rya1ep/22_security_advisories_covering_aiml/
CVE-2026-20122,1,2026-03-06T06:11:34+00:00,1772777494,true,2026-02-25T17:25:28.170,2026-03-04T21:25:22.193,5.4,MEDIUM,CVSS:3.1/AV:N/AC:L/PR:L/UI:N/S:U/C:L/I:L/A:N,Analyzed,cisco,-8.532,-204.768,sysadmin,https://reddit.com/r/sysadmin/comments/1rm660l/cisco_catalyst_sd_wan_just_got_hit_with_active/
CVE-2026-20127,1,2026-03-06T06:11:34+00:00,1772777494,true,2026-02-25T17:25:29.477,2026-02-26T16:20:02.187,10.0,CRITICAL,CVSS:3.1/AV:N/AC:L/PR:N/UI:N/S:C/C:H/I:H/A:H,Analyzed,cisco,-8.532,-204.768,sysadmin,https://reddit.com/r/sysadmin/comments/1rm660l/cisco_catalyst_sd_wan_just_got_hit_with_active/
CVE-2026-20128,1,2026-03-06T06:11:34+00:00,1772777494,true,2026-02-25T17:25:30.150,2026-03-20T22:16:25.377,7.5,HIGH,CVSS:3.1/AV:L/AC:H/PR:H/UI:N/S:C/C:H/I:H/A:H,Modified,cisco,-8.532,-204.768,sysadmin,https://reddit.com/r/sysadmin/comments/1rm660l/cisco_catalyst_sd_wan_just_got_hit_with_active/
CVE-2026-31829,1,2026-03-19T19:37:58+00:00,1773949078,true,2026-03-10T22:16:20.937,2026-03-11T14:24:01.977,7.1,HIGH,CVSS:3.1/AV:N/AC:H/PR:L/UI:N/S:U/C:H/I:H/A:L,Analyzed,flowiseai,-8.89,-213.36,netsec,https://reddit.com/r/netsec/comments/1rya1ep/22_security_advisories_covering_aiml/
CVE-2026-3906,1,2026-03-21T16:23:50+00:00,1774110230,true,2026-03-11T10:16:14.217,2026-03-11T13:52:47.683,4.3,MEDIUM,CVSS:3.1/AV:N/AC:L/PR:L/UI:N/S:U/C:N/I:L/A:N,Awaiting Analysis,,-10.255,-246.127,Wordpress,https://reddit.com/r/Wordpress/comments/1rzvpax/it_seems_like_automatic_wordpress_updates_are/
CVE-2026-32241,1,2026-04-08T16:30:19+00:00,1775665819,true,2026-03-27T20:16:30.570,2026-04-08T15:29:13.030,7.5,HIGH,CVSS:3.1/AV:N/AC:H/PR:L/UI:N/S:U/C:H/I:H/A:H,Analyzed,flannel-io,-11.843,-284.23,kubernetes,https://reddit.com/r/kubernetes/comments/1sfxve3/cve202632241_flannel_rce_via_node_annotation/
CVE-2026-30820,1,2026-03-19T19:37:58+00:00,1773949078,true,2026-03-07T05:16:26.243,2026-03-11T13:46:22.463,8.8,HIGH,CVSS:3.1/AV:N/AC:L/PR:L/UI:N/S:U/C:H/I:H/A:H,Analyzed,flowiseai,-12.598,-302.359,netsec,https://reddit.com/r/netsec/comments/1rya1ep/22_security_advisories_covering_aiml/
CVE-2026-28460,1,2026-04-01T08:41:08+00:00,1775032868,true,2026-03-19T02:16:02.603,2026-03-25T15:16:39.837,7.1,HIGH,CVSS:3.1/AV:N/AC:L/PR:L/UI:N/S:U/C:N/I:H/A:L,Modified,openclaw,-13.267,-318.418,openclaw,https://reddit.com/r/openclaw/comments/1s9etbu/why_allow_always_on_openclaw_was_a_terrible_idea/
CVE-2026-29607,1,2026-04-01T08:41:08+00:00,1775032868,true,2026-03-19T02:16:03.010,2026-03-25T15:16:42.653,6.8,MEDIUM,CVSS:3.1/AV:N/AC:L/PR:H/UI:R/S:U/C:H/I:H/A:H,Modified,openclaw,-13.267,-318.418,openclaw,https://reddit.com/r/openclaw/comments/1s9etbu/why_allow_always_on_openclaw_was_a_terrible_idea/
CVE-2026-0714,1,2026-02-19T15:38:01+00:00,1771515481,true,2026-02-05T17:16:13.203,2026-02-18T17:55:46.557,6.8,MEDIUM,CVSS:3.1/AV:P/AC:L/PR:N/UI:N/S:U/C:H/I:H/A:H,Analyzed,moxa,-13.932,-334.363,netsec,https://reddit.com/r/netsec/comments/1r92evr/cve20260714_tpmsniffing_luks_keys_on_an_embedded/
CVE-2026-28277,2,2026-03-19T19:37:58+00:00,1773949078,true,2026-03-05T20:16:15.677,2026-03-09T13:36:08.413,6.8,MEDIUM,CVSS:3.1/AV:A/AC:L/PR:H/UI:N/S:U/C:H/I:H/A:H,Awaiting Analysis,,-13.973,-335.362,LangChain;netsec,https://reddit.com/r/LangChain/comments/1rycurg/psa_two_langgraph_checkpoint_vulnerabilities/;https://reddit.com/r/netsec/comments/1rya1ep/22_security_advisories_covering_aiml/
CVE-2026-26118,1,2026-03-26T19:15:06+00:00,1774552506,true,2026-03-10T18:18:41.180,2026-03-13T20:12:47.740,8.8,HIGH,CVSS:3.1/AV:N/AC:L/PR:L/UI:N/S:U/C:H/I:H/A:H,Analyzed,microsoft,-16.039,-384.94,LangChain,https://reddit.com/r/LangChain/comments/1s4gxx8/pilot_protocol_the_missing_network_layer/
CVE-2026-27654,1,2026-04-11T00:21:08+00:00,1775866868,true,2026-03-24T15:16:33.130,2026-03-26T21:16:16.737,8.2,HIGH,CVSS:3.1/AV:N/AC:L/PR:N/UI:N/S:U/C:N/I:L/A:H,Analyzed,f5,-17.378,-417.076,netsec,https://reddit.com/r/netsec/comments/1si3xvv/claude_humans_vs_nginx_cve202627654/
CVE-2026-20131,1,2026-03-23T14:49:01+00:00,1774277341,true,2026-03-04T18:16:27.153,2026-03-25T17:39:46.247,10.0,CRITICAL,CVSS:3.1/AV:N/AC:L/PR:N/UI:N/S:C/C:H/I:H/A:H,Analyzed,cisco,-18.856,-452.543,sysadmin,https://reddit.com/r/sysadmin/comments/1s1iycd/cve202620131_cisa_basically_said_patch_this_cisco/
CVE-2026-22039,1,2026-02-16T16:46:15+00:00,1771260375,true,2026-01-27T17:16:12.097,2026-02-02T15:13:57.440,9.9,CRITICAL,CVSS:3.1/AV:N/AC:L/PR:L/UI:N/S:C/C:H/I:H/A:H,Analyzed,kyverno,-19.979,-479.501,kubernetes,https://reddit.com/r/kubernetes/comments/1r6eq9j/kubewarden_not_affected_by_crossns_privilege/
CVE-2026-27952,1,2026-03-19T19:37:58+00:00,1773949078,true,2026-02-26T02:16:22.940,2026-03-02T18:43:36.277,8.8,HIGH,CVSS:3.1/AV:N/AC:L/PR:L/UI:N/S:U/C:H/I:H/A:H,Analyzed,agentatech,-21.723,-521.36,netsec,https://reddit.com/r/netsec/comments/1rya1ep/22_security_advisories_covering_aiml/
CVE-2026-27961,1,2026-03-19T19:37:58+00:00,1773949078,true,2026-02-26T02:16:23.483,2026-03-02T18:40:39.127,8.8,HIGH,CVSS:3.1/AV:N/AC:L/PR:L/UI:N/S:U/C:H/I:H/A:H,Analyzed,agentatech,-21.723,-521.36,netsec,https://reddit.com/r/netsec/comments/1rya1ep/22_security_advisories_covering_aiml/
CVE-2026-27966,1,2026-03-19T21:22:49+00:00,1773955369,true,2026-02-26T02:16:23.833,2026-02-28T00:54:27.840,9.8,CRITICAL,CVSS:3.1/AV:N/AC:L/PR:N/UI:N/S:U/C:H/I:H/A:H,Analyzed,langflow,-21.796,-523.107,LangChain,https://reddit.com/r/LangChain/comments/1rycurg/psa_two_langgraph_checkpoint_vulnerabilities/
CVE-2026-25554,1,2026-03-19T13:44:34+00:00,1773927874,true,2026-02-25T18:23:40.617,2026-02-27T19:16:07.717,6.5,MEDIUM,CVSS:3.1/AV:N/AC:H/PR:N/UI:N/S:U/C:H/I:L/A:N,Awaiting Analysis,,-21.806,-523.348,netsec,https://reddit.com/r/netsec/comments/1ry0sfo/opensips_sql_injection_to_authentication_bypass/
CVE-2026-32251,1,2026-04-08T11:03:55+00:00,1775646235,true,2026-03-12T20:16:05.697,2026-03-20T15:57:42.580,6.5,MEDIUM,CVSS:3.1/AV:N/AC:L/PR:L/UI:N/S:U/C:H/I:N/A:N,Analyzed,tolgee,-26.617,-638.797,netsec,https://reddit.com/r/netsec/comments/1sfpmg9/reading_etcpasswd_via_translation_file_upload_in/
CVE-2026-2033,1,2026-03-19T19:37:58+00:00,1773949078,true,2026-02-20T23:16:03.093,2026-02-23T18:14:13.887,8.1,HIGH,CVSS:3.0/AV:N/AC:H/PR:N/UI:N/S:U/C:H/I:H/A:H,Awaiting Analysis,,-26.849,-644.365,netsec,https://reddit.com/r/netsec/comments/1rya1ep/22_security_advisories_covering_aiml/
CVE-2026-2635,1,2026-03-19T19:37:58+00:00,1773949078,true,2026-02-20T23:16:05.577,2026-02-23T18:13:53.397,9.8,CRITICAL,CVSS:3.0/AV:N/AC:L/PR:N/UI:N/S:U/C:H/I:H/A:H,Awaiting Analysis,,-26.849,-644.365,netsec,https://reddit.com/r/netsec/comments/1rya1ep/22_security_advisories_covering_aiml/
CVE-2026-27022,2,2026-03-19T19:37:58+00:00,1773949078,true,2026-02-20T22:16:28.480,2026-02-23T18:14:13.887,6.5,MEDIUM,CVSS:3.1/AV:N/AC:L/PR:L/UI:N/S:U/C:H/I:N/A:N,Awaiting Analysis,,-26.89,-645.358,LangChain;netsec,https://reddit.com/r/LangChain/comments/1rycurg/psa_two_langgraph_checkpoint_vulnerabilities/;https://reddit.com/r/netsec/comments/1rya1ep/22_security_advisories_covering_aiml/
CVE-2026-2850,1,2026-03-21T20:55:23+00:00,1774126523,true,2026-02-20T18:25:53.830,2026-02-26T02:40:36.140,6.3,MEDIUM,CVSS:3.1/AV:N/AC:L/PR:L/UI:N/S:U/C:L/I:L/A:L,Analyzed,yeqifu,-29.104,-698.491,Python,https://reddit.com/r/Python/comments/1s02in4/psa_onnxhubloadsilenttrue_suppresses_all_security/
CVE-2025-20080,1,2026-03-15T09:35:23+00:00,1773567323,true,2026-02-10T17:16:11.923,2026-02-10T21:51:48.077,6.8,MEDIUM,CVSS:3.1/AV:N/AC:H/PR:N/UI:N/S:C/C:N/I:N/A:H,Awaiting Analysis,,-32.68,-784.32,Fedora,https://reddit.com/r/Fedora/comments/1ru9sx6/anyone_else_seeing_fwupdmgr_reporting_a_failed/
CVE-2025-27708,1,2026-03-15T09:35:23+00:00,1773567323,true,2026-02-10T17:16:14.900,2026-02-10T21:51:48.077,4.1,MEDIUM,CVSS:3.1/AV:L/AC:H/PR:H/UI:N/S:U/C:H/I:N/A:N,Awaiting Analysis,,-32.68,-784.319,Fedora,https://reddit.com/r/Fedora/comments/1ru9sx6/anyone_else_seeing_fwupdmgr_reporting_a_failed/
CVE-2025-32008,1,2026-03-15T09:35:23+00:00,1773567323,true,2026-02-10T17:16:16.393,2026-02-10T21:51:48.077,8.6,HIGH,CVSS:3.1/AV:N/AC:L/PR:N/UI:N/S:C/C:N/I:N/A:H,Awaiting Analysis,,-32.68,-784.319,Fedora,https://reddit.com/r/Fedora/comments/1ru9sx6/anyone_else_seeing_fwupdmgr_reporting_a_failed/
CVE-2025-12345,1,2026-04-10T08:14:08+00:00,1775808848,true,2026-03-03T07:16:09.467,2026-03-03T21:52:29.877,8.8,HIGH,CVSS:3.1/AV:N/AC:L/PR:L/UI:N/S:U/C:H/I:H/A:H,Awaiting Analysis,,-38.04,-912.966,homelab,https://reddit.com/r/homelab/comments/1shgdvh/i_let_an_autonomous_security_analysis_loop_run/
CVE-2026-25253,5,2026-03-13T22:35:42+00:00,1773441342,true,2026-02-01T23:15:49.717,2026-02-13T17:41:02.987,8.8,HIGH,CVSS:3.1/AV:N/AC:L/PR:N/UI:R/S:U/C:H/I:H/A:H,Analyzed,openclaw,-39.972,-959.331,FastAPI;netsec;openclaw,https://reddit.com/r/openclaw/comments/1s9k7zv/someone_just_sold_a_ceos_openclaw_agent_for_25000/;https://reddit.com/r/netsec/comments/1s1i06c/openclaw_cve202625253_is_worse_than_it_looks/;https://reddit.com/r/netsec/comments/1rz7g4q/attack_surface_analysis_of_5121_mcp_servers_555/;https://reddit.com/r/openclaw/comments/1rz23za/cisco_found_openclaw_skills_doing_silent_data/;https://reddit.com/r/FastAPI/comments/1rt21xm/why_fastapiguard/
CVE-2026-22778,1,2026-03-19T19:37:58+00:00,1773949078,true,2026-02-02T23:16:06.700,2026-02-23T18:19:12.450,9.8,CRITICAL,CVSS:3.1/AV:N/AC:L/PR:N/UI:N/S:U/C:H/I:H/A:H,Analyzed,vllm,-44.849,-1076.364,netsec,https://reddit.com/r/netsec/comments/1rya1ep/22_security_advisories_covering_aiml/
CVE-2025-59472,1,2026-03-15T13:56:34+00:00,1773582994,true,2026-01-26T22:15:53.027,2026-02-24T18:24:35.830,5.9,MEDIUM,CVSS:3.1/AV:N/AC:H/PR:N/UI:N/S:U/C:N/I:N/A:H,Analyzed,vercel,-47.653,-1143.678,node,https://reddit.com/r/node/comments/1rueoqd/i_built_a_tool_that_visualizes_your/
CVE-2026-24747,1,2026-03-19T19:37:58+00:00,1773949078,true,2026-01-27T22:15:56.470,2026-01-30T21:51:55.367,8.8,HIGH,CVSS:3.1/AV:N/AC:L/PR:N/UI:R/S:U/C:H/I:H/A:H,Analyzed,linuxfoundation,-50.89,-1221.367,netsec,https://reddit.com/r/netsec/comments/1rya1ep/22_security_advisories_covering_aiml/
CVE-2026-25725,1,2026-04-07T18:54:28+00:00,1775588068,true,2026-02-06T18:16:00.187,2026-02-09T14:46:12.660,10.0,CRITICAL,CVSS:3.1/AV:N/AC:L/PR:N/UI:N/S:C/C:H/I:H/A:H,Analyzed,anthropic,-60.027,-1440.641,netsec,https://reddit.com/r/netsec/comments/1sf550g/the_race_to_ship_ai_tools_left_security_behind/
CVE-2026-23550,1,2026-03-21T16:23:50+00:00,1774110230,true,2026-01-14T09:16:02.520,2026-04-01T17:28:33.807,,,,Awaiting Analysis,,-66.297,-1591.13,Wordpress,https://reddit.com/r/Wordpress/comments/1rzvpax/it_seems_like_automatic_wordpress_updates_are/
CVE-2025-40237,1,2026-04-04T13:14:54+00:00,1775308494,true,2025-12-04T16:16:16.697,2025-12-23T17:15:47.803,,,,Awaiting Analysis,,-120.874,-2900.977,linux,https://reddit.com/r/linux/comments/1sc8yx8/aws_engineer_reports_postgresql_performance/
CVE-2025-55182,1,2026-04-08T10:36:41+00:00,1775644601,true,2025-12-03T16:15:56.463,2025-12-10T02:00:02.557,10.0,CRITICAL,CVSS:3.1/AV:N/AC:L/PR:N/UI:N/S:C/C:H/I:H/A:H,Analyzed,facebook;vercel,-125.764,-3018.346,netsec,https://reddit.com/r/netsec/comments/1sfp46v/brandefense_q4_2025_ransomware_trends_report_2373/
CVE-2025-11757,1,2026-03-10T17:51:47+00:00,1773165107,true,2025-10-21T18:15:35.973,2025-10-21T19:31:25.450,,,,Awaiting Analysis,,-139.983,-3359.603,SecurityCamera,https://reddit.com/r/SecurityCamera/comments/1rq3z6o/cloudedgemeari_cve_and_status_on_the_dark_web/
CVE-2025-59284,1,2026-03-17T19:34:51+00:00,1773776091,true,2025-10-14T17:16:11.290,2025-10-27T19:39:57.120,3.3,LOW,CVSS:3.1/AV:L/AC:L/PR:N/UI:R/S:U/C:L/I:N/A:N,Analyzed,microsoft,-154.096,-3698.311,netsec,https://reddit.com/r/netsec/comments/1rwguw8/cve202559284_how_reading_a_gnu_manpage_led_to_a/
CVE-2025-61884,1,2026-04-08T10:36:41+00:00,1775644601,true,2025-10-12T03:15:34.720,2025-10-27T17:08:49.037,7.5,HIGH,CVSS:3.1/AV:N/AC:L/PR:N/UI:N/S:U/C:H/I:N/A:N,Analyzed,oracle,-178.306,-4279.352,netsec,https://reddit.com/r/netsec/comments/1sfp46v/brandefense_q4_2025_ransomware_trends_report_2373/
CVE-2025-61882,1,2026-04-08T10:36:41+00:00,1775644601,true,2025-10-05T04:15:40.340,2025-10-27T17:08:52.230,9.8,CRITICAL,CVSS:3.1/AV:N/AC:L/PR:N/UI:N/S:U/C:H/I:H/A:H,Analyzed,oracle,-185.265,-4446.35,netsec,https://reddit.com/r/netsec/comments/1sfp46v/brandefense_q4_2025_ransomware_trends_report_2373/
CVE-2025-58367,1,2026-03-19T17:46:05+00:00,1773942365,true,2025-09-05T22:15:34.710,2025-09-08T16:25:38.810,,,,Awaiting Analysis,,-194.813,-4675.508,netsec,https://reddit.com/r/netsec/comments/1ry79kw/we_found_a_memory_exhaustion_cve_in_a_library/
CVE-2025-38617,1,2026-03-06T22:42:41+00:00,1772836961,true,2025-08-22T14:15:46.160,2026-03-18T17:16:04.167,4.7,MEDIUM,CVSS:3.1/AV:L/AC:H/PR:L/UI:N/S:U/C:N/I:N/A:H,Modified,debian;linux,-196.352,-4712.449,netsec,https://reddit.com/r/netsec/comments/1rmsmhg/a_race_within_a_race_exploiting_cve202538617_in/
CVE-2025-10035,1,2026-04-08T10:36:41+00:00,1775644601,true,2025-09-18T22:15:41.857,2025-10-24T13:44:10.740,10.0,CRITICAL,CVSS:3.1/AV:N/AC:L/PR:N/UI:N/S:C/C:H/I:H/A:H,Analyzed,fortra,-201.515,-4836.35,netsec,https://reddit.com/r/netsec/comments/1sfp46v/brandefense_q4_2025_ransomware_trends_report_2373/
CVE-2025-21042,1,2026-04-10T08:14:08+00:00,1775808848,true,2025-09-12T08:15:44.743,2025-11-12T14:32:28.317,8.8,HIGH,CVSS:3.1/AV:N/AC:L/PR:N/UI:R/S:U/C:H/I:H/A:H,Analyzed,samsung,-209.999,-5039.973,homelab,https://reddit.com/r/homelab/comments/1shgdvh/i_let_an_autonomous_security_analysis_loop_run/
CVE-2025-8061,1,2026-04-13T08:13:44+00:00,1776068024,true,2025-09-11T19:15:35.060,2025-09-15T15:22:38.297,7.0,HIGH,CVSS:3.1/AV:L/AC:H/PR:L/UI:N/S:U/C:H/I:H/A:H,Awaiting Analysis,,-213.54,-5124.969,netsec,https://reddit.com/r/netsec/comments/1sk4j5o/cve20258061_from_userland_to_ring_0/
CVE-2022-38694,1,2026-04-12T19:21:19+00:00,1776021679,true,2025-09-01T08:15:32.220,2025-09-02T15:55:25.420,7.8,HIGH,CVSS:3.1/AV:L/AC:L/PR:L/UI:N/S:U/C:H/I:H/A:H,Awaiting Analysis,,-223.462,-5363.096,AndroidQuestions,https://reddit.com/r/AndroidQuestions/comments/1sjntfg/sc9832e_tablet_stuck_at_brom_after_fdl1_timeout/
CVE-2025-53109,1,2026-03-19T12:55:35+00:00,1773924935,true,2025-07-02T15:15:27.670,2025-07-03T15:13:53.147,,,,Awaiting Analysis,,-259.903,-6237.669,netsec,https://reddit.com/r/netsec/comments/1rxznrs/a_timeline_of_mcp_security_breaches_tool/
CVE-2025-29969,1,2026-02-20T11:59:22+00:00,1771588762,true,2025-05-13T17:15:57.660,2025-05-19T14:20:58.667,7.5,HIGH,CVSS:3.1/AV:N/AC:H/PR:L/UI:N/S:U/C:H/I:H/A:H,Analyzed,microsoft,-282.78,-6786.723,netsec,https://reddit.com/r/netsec/comments/1r9th6w/discovery_analysis_of_cve202529969/
CVE-2025-48050,1,2026-04-02T09:50:55+00:00,1775123455,true,2025-05-15T16:15:34.410,2025-05-16T15:15:48.510,7.5,HIGH,CVSS:3.1/AV:N/AC:H/PR:N/UI:N/S:C/C:H/I:L/A:N,Awaiting Analysis,,-321.733,-7721.589,axelor,https://stackoverflow.com/questions/79918937/dompurify-3-2-2-vulnerability-in-axelor-frontend
CVE-2025-32434,1,2026-03-19T03:26:35+00:00,1773890795,true,2025-04-18T16:15:23.183,2025-12-01T07:16:01.807,9.8,CRITICAL,CVSS:3.1/AV:N/AC:L/PR:N/UI:N/S:U/C:H/I:H/A:H,Modified,linuxfoundation,-334.466,-8027.187,pytorch,https://reddit.com/r/pytorch/comments/1rxpjcz/psa_cve202532434_critical_rce_in_pytorch_251/
CVE-2025-31324,1,2026-04-08T10:36:41+00:00,1775644601,true,2025-04-24T17:15:35.913,2025-10-31T21:56:14.103,10.0,CRITICAL,CVSS:3.1/AV:N/AC:L/PR:N/UI:N/S:C/C:H/I:H/A:H,Analyzed,sap,-348.723,-8369.351,netsec,https://reddit.com/r/netsec/comments/1sfp46v/brandefense_q4_2025_ransomware_trends_report_2373/
CVE-2025-29824,1,2026-04-08T10:36:41+00:00,1775644601,true,2025-04-08T18:16:08.340,2025-10-27T17:14:21.950,7.8,HIGH,CVSS:3.1/AV:L/AC:L/PR:L/UI:N/S:U/C:H/I:H/A:H,Analyzed,microsoft,-364.681,-8752.342,netsec,https://reddit.com/r/netsec/comments/1sfp46v/brandefense_q4_2025_ransomware_trends_report_2373/
CVE-2025-26791,1,2026-04-02T09:50:55+00:00,1775123455,true,2025-02-14T09:15:08.067,2025-10-07T20:56:12.317,4.5,MEDIUM,CVSS:3.1/AV:L/AC:H/PR:N/UI:N/S:C/C:L/I:L/A:N,Analyzed,cure53,-412.025,-9888.596,axelor,https://stackoverflow.com/questions/79918937/dompurify-3-2-2-vulnerability-in-axelor-frontend
CVE-2024-45163,1,2026-03-15T06:35:33+00:00,1773556533,true,2024-08-22T04:15:20.247,2026-03-18T17:16:01.650,9.1,CRITICAL,CVSS:3.1/AV:N/AC:L/PR:N/UI:N/S:U/C:N/I:H/A:H,Awaiting Analysis,,-570.097,-13682.337,netsec,https://reddit.com/r/netsec/comments/1ru6xxl/cve202445163_remote_dos_in_mirai_c2_research/
CVE-2024-37032,1,2026-03-26T20:39:39+00:00,1774557579,true,2024-05-31T04:15:09.617,2025-05-01T14:01:44.767,8.8,HIGH,CVSS:3.1/AV:N/AC:L/PR:L/UI:N/S:U/C:H/I:H/A:H,Analyzed,ollama,-664.684,-15952.408,ollama,https://reddit.com/r/ollama/comments/1s4j73f/fresh_install_of_ollama_major_security_threat/
CVE-2024-28224,1,2026-03-26T20:39:39+00:00,1774557579,true,2024-04-08T19:15:07.353,2025-05-13T00:42:52.177,6.6,MEDIUM,CVSS:3.1/AV:L/AC:L/PR:L/UI:N/S:U/C:L/I:L/A:H,Analyzed,ollama,-717.059,-17209.409,ollama,https://reddit.com/r/ollama/comments/1s4j73f/fresh_install_of_ollama_major_security_threat/
CVE-2024-0057,1,2026-02-27T18:59:39+00:00,1772218779,true,2024-01-09T18:15:46.980,2024-11-21T08:45:49.400,9.1,CRITICAL,CVSS:3.1/AV:N/AC:L/PR:N/UI:N/S:U/C:H/I:H/A:N,Modified,microsoft,-780.03,-18720.731,c#,https://stackoverflow.com/questions/79898063/high-security-vulnerability-microsoft-powershell-native-v7-0-0
CVE-2024-21762,1,2026-04-08T10:36:41+00:00,1775644601,true,2024-02-09T09:15:08.087,2025-10-24T12:54:44.420,9.8,CRITICAL,CVSS:3.1/AV:N/AC:L/PR:N/UI:N/S:U/C:H/I:H/A:H,Analyzed,fortinet,-789.057,-18937.359,netsec,https://reddit.com/r/netsec/comments/1sfp46v/brandefense_q4_2025_ransomware_trends_report_2373/
CVE-2022-4712,1,2026-04-07T15:14:17+00:00,1775574857,true,2023-10-20T07:15:14.993,2026-04-08T18:17:36.473,7.2,HIGH,CVSS:3.1/AV:N/AC:L/PR:N/UI:N/S:C/C:L/I:L/A:N,Modified,cerber,-900.333,-21607.984,Wordpress,https://reddit.com/r/Wordpress/comments/1seyups/new_wordpress_hack_going_around/
CVE-2022-27624,1,2026-03-05T15:53:05+00:00,1772725985,true,2022-10-20T06:15:09.620,2025-01-14T19:29:55.853,10.0,CRITICAL,CVSS:3.1/AV:N/AC:L/PR:N/UI:N/S:C/C:H/I:H/A:H,Modified,synology,-1232.401,-29577.632,homelab,https://reddit.com/r/homelab/comments/1rll5dw/checked_every_device_on_my_homelab_against_nvd/
CVE-2021-4034,1,2026-03-17T00:39:47+00:00,1773707987,true,2022-01-28T20:15:12.193,2025-11-06T14:50:26.470,7.8,HIGH,CVSS:3.1/AV:L/AC:L/PR:L/UI:N/S:U/C:H/I:H/A:H,Analyzed,canonical;oracle;polkit_project;redhat;siemens;starwindsoftware;suse,-1508.184,-36196.41,homelab,https://reddit.com/r/homelab/comments/1rvrszo/hackable_ii_purple_team_writeup_from_anonymous/
CVE-2021-28372,1,2026-03-05T15:53:05+00:00,1772725985,true,2021-08-17T22:15:08.053,2024-11-21T05:59:36.037,8.3,HIGH,CVSS:3.1/AV:N/AC:H/PR:N/UI:R/S:C/C:H/I:H/A:H,Modified,throughtek,-1660.735,-39857.632,homelab,https://reddit.com/r/homelab/comments/1rll5dw/checked_every_device_on_my_homelab_against_nvd/
CVE-2019-18634,1,2026-02-28T08:40:06+00:00,1772268006,true,2020-01-29T18:15:12.247,2024-11-21T04:33:25.447,7.8,HIGH,CVSS:3.1/AV:L/AC:L/PR:L/UI:N/S:U/C:H/I:H/A:H,Modified,debian;sudo_project,-2221.601,-53318.415,linux,https://reddit.com/r/linux/comments/1rgxjcw/sudors_shows_password_asterisks_by_default_break/
CVE-2025-021042,1,2026-04-10T08:14:08+00:00,1775808848,false,,,,,,,,,,homelab,https://reddit.com/r/homelab/comments/1shgdvh/i_let_an_autonomous_security_analysis_loop_run/
CVE-2025-70951,1,2026-04-03T08:20:58+00:00,1775204458,false,,,,,,,,,,netsec,https://reddit.com/r/netsec/comments/1sb7pr4/new_rce_in_control_web_panel_cve202570951/
CVE-2026-020963,1,2026-04-06T06:43:41+00:00,1775457821,false,,,,,,,,,,homelab,https://reddit.com/r/homelab/comments/1sdrbgk/running_autonomous_multiagent_cve_analysis/
CVE-2026-12345,1,2026-03-25T19:33:27+00:00,1774467207,false,,,,,,,,,,github,https://reddit.com/r/github/comments/1s3ksik/scam_alert_fake_vs_code_critical_vulnerability/
CVE-2026-25784,1,2026-03-25T19:33:27+00:00,1774467207,false,,,,,,,,,,github,https://reddit.com/r/github/comments/1s3ksik/scam_alert_fake_vs_code_critical_vulnerability/
CVE-2026-33656,1,2026-03-25T12:51:52+00:00,1774443112,false,,,,,,,,,,netsec,https://reddit.com/r/netsec/comments/1s39ujn/cve202633656_espocrm_933_formula_engine_acl_gap/
